-- phpMyAdmin SQL Dump
-- version 5.2.1
-- https://www.phpmyadmin.net/
--
-- Host: 127.0.0.1
-- Generation Time: May 03, 2024 at 12:45 AM
-- Server version: 10.4.32-MariaDB
-- PHP Version: 8.2.12

SET SQL_MODE = "NO_AUTO_VALUE_ON_ZERO";
START TRANSACTION;
SET time_zone = "+00:00";


/*!40101 SET @OLD_CHARACTER_SET_CLIENT=@@CHARACTER_SET_CLIENT */;
/*!40101 SET @OLD_CHARACTER_SET_RESULTS=@@CHARACTER_SET_RESULTS */;
/*!40101 SET @OLD_COLLATION_CONNECTION=@@COLLATION_CONNECTION */;
/*!40101 SET NAMES utf8mb4 */;

--
-- Database: `dy_irr`
--

-- --------------------------------------------------------

--
-- Table structure for table `crop_dimension`
--

CREATE TABLE `crop_dimension` (
  `crop_id` int(11) NOT NULL,
  `CropType` varchar(255) DEFAULT NULL,
  `Kc` double DEFAULT NULL
) ENGINE=InnoDB DEFAULT CHARSET=utf8mb4 COLLATE=utf8mb4_general_ci;

--
-- Dumping data for table `crop_dimension`
--

INSERT INTO `crop_dimension` (`crop_id`, `CropType`, `Kc`) VALUES
(1, 'tomato', 0.8),
(2, 'wheat', 0.9),
(3, 'soybean', 0.8),
(4, 'rice', 1),
(5, 'maize', 1.2);

-- --------------------------------------------------------

--
-- Table structure for table `cycle_dimension`
--

CREATE TABLE `cycle_dimension` (
  `cycle_id` int(11) NOT NULL,
  `Cycle` int(11) DEFAULT NULL,
  `cycle_status` varchar(255) DEFAULT NULL
) ENGINE=InnoDB DEFAULT CHARSET=utf8mb4 COLLATE=utf8mb4_general_ci;

--
-- Dumping data for table `cycle_dimension`
--

INSERT INTO `cycle_dimension` (`cycle_id`, `Cycle`, `cycle_status`) VALUES
(1, 1, 'M7DSH 3ARF LSA'),
(2, 2, 'M7DSH 3ARF LSA'),
(3, 3, 'M7DSH 3ARF LSA'),
(4, 4, 'M7DSH 3ARF LSA');

-- --------------------------------------------------------

--
-- Table structure for table `fact_table`
--

CREATE TABLE `fact_table` (
  `fact_id` int(11) NOT NULL,
  `time_id` int(11) DEFAULT NULL,
  `crop_id` int(11) DEFAULT NULL,
  `location_id` int(11) DEFAULT NULL,
  `cycle_id` int(11) DEFAULT NULL,
  `weather_id` int(11) DEFAULT NULL,
  `irrigation_id` int(11) DEFAULT NULL,
  `sensor_id` varchar(255) DEFAULT NULL,
  `ETc` double DEFAULT NULL,
  `ETc_mm` double DEFAULT NULL,
  `ET0` double DEFAULT NULL
) ENGINE=InnoDB DEFAULT CHARSET=utf8mb4 COLLATE=utf8mb4_general_ci;

--
-- Dumping data for table `fact_table`
--

INSERT INTO `fact_table` (`fact_id`, `time_id`, `crop_id`, `location_id`, `cycle_id`, `weather_id`, `irrigation_id`, `sensor_id`, `ETc`, `ETc_mm`, `ET0`) VALUES
(1, 1, 1, 2, 1, 2, 1, 'FOJgQbJX', 0.000010251598647878921, 10.251598647878922, 0.00001281449830984865),
(2, 2, 2, 1, 1, 1, 2, 'DxoPEFGb', 0.000009587028708167452, 9.587028708167452, 0.000010652254120186058),
(3, 3, 3, 4, 1, 4, 3, 'A7mjoZ0R', 0.000009215811412688329, 9.215811412688328, 0.000011519764265860409),
(4, 3, 3, 4, 2, 4, 3, 'A7mjoZ0R', 0.000009215811412688329, 9.215811412688328, 0.000011519764265860409),
(5, 4, 2, 3, 2, 3, 4, 'SyOxYeMk', 0.000010908724079215187, 10.908724079215187, 0.00001212080453246132),
(6, 4, 2, 3, 1, 3, 4, 'SyOxYeMk', 0.000010908724079215187, 10.908724079215187, 0.00001212080453246132),
(7, 3, 1, 4, 2, 4, 3, 'A7mjoZ0R', 0.000009215811412688329, 9.215811412688328, 0.000011519764265860409),
(8, 3, 1, 4, 1, 4, 3, 'A7mjoZ0R', 0.000009215811412688329, 9.215811412688328, 0.000011519764265860409),
(9, 6, 4, 6, 3, 6, 5, 'eRY40NSz', 0.000017082069475835295, 17.082069475835297, 0.000017082069475835295),
(10, 5, 3, 5, 1, 5, 6, 'nkRMZFVH', 0.00000734445221065151, 7.34445221065151, 0.000009180565263314387),
(11, 6, 4, 6, 1, 6, 5, 'eRY40NSz', 0.000017082069475835295, 17.082069475835297, 0.000017082069475835295),
(12, 6, 4, 6, 2, 6, 5, 'eRY40NSz', 0.000017082069475835295, 17.082069475835297, 0.000017082069475835295),
(13, 5, 1, 5, 1, 5, 6, 'nkRMZFVH', 0.00000734445221065151, 7.34445221065151, 0.000009180565263314387),
(14, 5, 1, 5, 2, 5, 6, 'nkRMZFVH', 0.00000734445221065151, 7.34445221065151, 0.000009180565263314387),
(15, 5, 3, 5, 2, 5, 6, 'nkRMZFVH', 0.00000734445221065151, 7.34445221065151, 0.000009180565263314387),
(16, 5, 3, 5, 3, 5, 6, 'nkRMZFVH', 0.00000734445221065151, 7.34445221065151, 0.000009180565263314387),
(17, 5, 1, 5, 3, 5, 6, 'nkRMZFVH', 0.00000734445221065151, 7.34445221065151, 0.000009180565263314387),
(18, 10, 2, 14, 1, 11, 26, 'BxnuJmdn', 0.00001035704072750722, 10.35704072750722, 0.000011507823030563578),
(19, 14, 2, 11, 4, 12, 13, 'j0KqRj7R', 0.000011298993990936051, 11.29899399093605, 0.000012554437767706724),
(20, 17, 5, 19, 4, 19, 42, 'Kpzrf5jZ', 0.000013087938674031646, 13.087938674031646, 0.000010906615561693039),
(21, 10, 2, 14, 3, 11, 14, 'BxnuJmdn', 0.00001035704072750722, 10.35704072750722, 0.000011507823030563578),
(22, 13, 1, 12, 4, 13, 16, 'kZai5arS', 0.000011449302287503693, 11.449302287503693, 0.000014311627859379615),
(23, 17, 5, 19, 2, 19, 42, 'Kpzrf5jZ', 0.000013087938674031646, 13.087938674031646, 0.000010906615561693039),
(24, 8, 1, 9, 1, 9, 8, 'njPAiZq8', 0.000010416881739314243, 10.416881739314242, 0.0000130211021741428),
(25, 8, 1, 9, 2, 9, 11, 'njPAiZq8', 0.000010416881739314243, 10.416881739314242, 0.0000130211021741428),
(26, 14, 2, 11, 1, 12, 20, 'j0KqRj7R', 0.000011298993990936051, 11.29899399093605, 0.000012554437767706724),
(27, 14, 2, 11, 1, 12, 13, 'j0KqRj7R', 0.000011298993990936051, 11.29899399093605, 0.000012554437767706724),
(28, 9, 4, 8, 3, 8, 44, 'Sh8OsKQZ', 0.000010678130483483478, 10.678130483483478, 0.000010678130483483478),
(29, 8, 1, 9, 2, 9, 40, 'njPAiZq8', 0.000010416881739314243, 10.416881739314242, 0.0000130211021741428),
(30, 16, 2, 23, 3, 16, 29, 'sLYZjnrQ', 0.000009548493138747527, 9.548493138747526, 0.000010609436820830585),
(31, 9, 4, 8, 2, 8, 23, 'Sh8OsKQZ', 0.000010678130483483478, 10.678130483483478, 0.000010678130483483478),
(32, 17, 5, 19, 4, 19, 24, 'Kpzrf5jZ', 0.000013087938674031646, 13.087938674031646, 0.000010906615561693039),
(33, 18, 4, 21, 1, 20, 53, 'JX3nUAca', 0.00001016978987974915, 10.16978987974915, 0.00001016978987974915),
(34, 15, 2, 15, 2, 15, 28, 'p1oU0ae9', 0.000009779228326777626, 9.779228326777627, 0.000010865809251975142),
(35, 9, 4, 8, 3, 8, 23, 'Sh8OsKQZ', 0.000010678130483483478, 10.678130483483478, 0.000010678130483483478),
(36, 15, 2, 15, 3, 15, 17, 'p1oU0ae9', 0.000009779228326777626, 9.779228326777627, 0.000010865809251975142),
(37, 11, 5, 13, 1, 14, 34, 'C2JCu9Vn', 0.000011565071950418891, 11.565071950418892, 0.00000963755995868241),
(38, 11, 5, 13, 3, 14, 34, 'C2JCu9Vn', 0.000011565071950418891, 11.565071950418892, 0.00000963755995868241),
(39, 27, 3, 24, 1, 24, 43, '84wPR4TF', 0.000007128155030008827, 7.128155030008827, 0.000008910193787511033),
(40, 18, 4, 21, 4, 20, 53, 'JX3nUAca', 0.00001016978987974915, 10.16978987974915, 0.00001016978987974915),
(41, 10, 2, 14, 1, 11, 46, 'BxnuJmdn', 0.00001035704072750722, 10.35704072750722, 0.000011507823030563578),
(42, 27, 3, 24, 4, 24, 43, '84wPR4TF', 0.000007128155030008827, 7.128155030008827, 0.000008910193787511033),
(43, 22, 2, 17, 3, 22, 38, 'Rlrj1DDT', 0.00001198873245965967, 11.98873245965967, 0.0000133208138440663),
(44, 11, 5, 13, 2, 14, 18, 'C2JCu9Vn', 0.000011565071950418891, 11.565071950418892, 0.00000963755995868241),
(45, 22, 2, 17, 4, 22, 38, 'Rlrj1DDT', 0.00001198873245965967, 11.98873245965967, 0.0000133208138440663),
(46, 12, 2, 10, 1, 10, 15, '9KAf2Dk4', 0.000011177779619284498, 11.177779619284498, 0.000012419755132538331),
(47, 11, 5, 13, 3, 14, 18, 'C2JCu9Vn', 0.000011565071950418891, 11.565071950418892, 0.00000963755995868241),
(48, 12, 2, 10, 2, 10, 31, '9KAf2Dk4', 0.000011177779619284498, 11.177779619284498, 0.000012419755132538331),
(49, 10, 2, 14, 4, 11, 46, 'BxnuJmdn', 0.00001035704072750722, 10.35704072750722, 0.000011507823030563578),
(50, 13, 1, 12, 1, 13, 16, 'kZai5arS', 0.000011449302287503693, 11.449302287503693, 0.000014311627859379615),
(51, 11, 5, 13, 2, 14, 10, 'C2JCu9Vn', 0.000011565071950418891, 11.565071950418892, 0.00000963755995868241),
(52, 13, 1, 12, 1, 13, 36, 'kZai5arS', 0.000011449302287503693, 11.449302287503693, 0.000014311627859379615),
(53, 17, 5, 19, 1, 19, 24, 'Kpzrf5jZ', 0.000013087938674031646, 13.087938674031646, 0.000010906615561693039),
(54, 15, 2, 15, 2, 15, 49, 'p1oU0ae9', 0.000009779228326777626, 9.779228326777627, 0.000010865809251975142),
(55, 25, 4, 25, 1, 27, 41, 'IL07tvTl', 0.000010509842637286514, 10.509842637286514, 0.000010509842637286514),
(56, 12, 2, 10, 3, 10, 48, '9KAf2Dk4', 0.000011177779619284498, 11.177779619284498, 0.000012419755132538331),
(57, 18, 4, 21, 2, 20, 33, 'JX3nUAca', 0.00001016978987974915, 10.16978987974915, 0.00001016978987974915),
(58, 18, 4, 21, 4, 20, 33, 'JX3nUAca', 0.00001016978987974915, 10.16978987974915, 0.00001016978987974915),
(59, 26, 5, 27, 2, 26, 39, 'gtIphfdT', 0.000019865972658180886, 19.865972658180887, 0.00001655497721515074),
(60, 21, 5, 16, 4, 18, 45, '11hgKTne', 0.000013870111159150252, 13.870111159150252, 0.000011558425965958543),
(61, 12, 2, 10, 1, 10, 48, '9KAf2Dk4', 0.000011177779619284498, 11.177779619284498, 0.000012419755132538331),
(62, 11, 5, 13, 4, 14, 34, 'C2JCu9Vn', 0.000011565071950418891, 11.565071950418892, 0.00000963755995868241),
(63, 14, 2, 11, 2, 12, 37, 'j0KqRj7R', 0.000011298993990936051, 11.29899399093605, 0.000012554437767706724),
(64, 11, 5, 13, 1, 14, 10, 'C2JCu9Vn', 0.000011565071950418891, 11.565071950418892, 0.00000963755995868241),
(65, 8, 1, 9, 3, 9, 21, 'njPAiZq8', 0.000010416881739314243, 10.416881739314242, 0.0000130211021741428),
(66, 26, 5, 27, 4, 26, 39, 'gtIphfdT', 0.000019865972658180886, 19.865972658180887, 0.00001655497721515074),
(67, 10, 2, 14, 2, 11, 46, 'BxnuJmdn', 0.00001035704072750722, 10.35704072750722, 0.000011507823030563578),
(68, 23, 1, 20, 3, 23, 27, 'hru2RhO6', 0.000009234841268600103, 9.234841268600103, 0.000011543551585750129),
(69, 19, 2, 18, 3, 17, 32, 'hYGvayM9', 0.000008847090529463168, 8.847090529463168, 0.000009830100588292408),
(70, 11, 5, 13, 3, 14, 10, 'C2JCu9Vn', 0.000011565071950418891, 11.565071950418892, 0.00000963755995868241),
(71, 25, 4, 25, 4, 27, 41, 'IL07tvTl', 0.000010509842637286514, 10.509842637286514, 0.000010509842637286514),
(72, 20, 4, 22, 1, 21, 50, 'PrP2HLiS', 0.000012464922510500684, 12.464922510500685, 0.000012464922510500684),
(73, 9, 4, 8, 4, 8, 23, 'Sh8OsKQZ', 0.000010678130483483478, 10.678130483483478, 0.000010678130483483478),
(74, 14, 2, 11, 2, 12, 20, 'j0KqRj7R', 0.000011298993990936051, 11.29899399093605, 0.000012554437767706724),
(75, 8, 1, 9, 1, 9, 40, 'njPAiZq8', 0.000010416881739314243, 10.416881739314242, 0.0000130211021741428),
(76, 13, 1, 12, 4, 13, 19, 'kZai5arS', 0.000011449302287503693, 11.449302287503693, 0.000014311627859379615),
(77, 23, 1, 20, 1, 23, 47, 'hru2RhO6', 0.000009234841268600103, 9.234841268600103, 0.000011543551585750129),
(78, 19, 2, 18, 4, 17, 51, 'hYGvayM9', 0.000008847090529463168, 8.847090529463168, 0.000009830100588292408),
(79, 10, 2, 14, 3, 11, 26, 'BxnuJmdn', 0.00001035704072750722, 10.35704072750722, 0.000011507823030563578),
(80, 14, 2, 11, 1, 12, 37, 'j0KqRj7R', 0.000011298993990936051, 11.29899399093605, 0.000012554437767706724),
(81, 11, 5, 13, 4, 14, 18, 'C2JCu9Vn', 0.000011565071950418891, 11.565071950418892, 0.00000963755995868241),
(82, 24, 2, 26, 4, 25, 52, 'PP9TEU4k', 0.000012026749860289472, 12.026749860289472, 0.000013363055400321636),
(83, 9, 4, 8, 3, 8, 12, 'Sh8OsKQZ', 0.000010678130483483478, 10.678130483483478, 0.000010678130483483478),
(84, 14, 2, 11, 3, 12, 13, 'j0KqRj7R', 0.000011298993990936051, 11.29899399093605, 0.000012554437767706724),
(85, 19, 2, 18, 1, 17, 32, 'hYGvayM9', 0.000008847090529463168, 8.847090529463168, 0.000009830100588292408),
(86, 17, 5, 19, 3, 19, 42, 'Kpzrf5jZ', 0.000013087938674031646, 13.087938674031646, 0.000010906615561693039),
(87, 20, 4, 22, 2, 21, 50, 'PrP2HLiS', 0.000012464922510500684, 12.464922510500685, 0.000012464922510500684),
(88, 16, 2, 23, 2, 16, 29, 'sLYZjnrQ', 0.000009548493138747527, 9.548493138747526, 0.000010609436820830585),
(89, 18, 4, 21, 1, 20, 33, 'JX3nUAca', 0.00001016978987974915, 10.16978987974915, 0.00001016978987974915),
(90, 19, 2, 18, 4, 17, 32, 'hYGvayM9', 0.000008847090529463168, 8.847090529463168, 0.000009830100588292408),
(91, 11, 5, 13, 1, 14, 18, 'C2JCu9Vn', 0.000011565071950418891, 11.565071950418892, 0.00000963755995868241),
(92, 12, 2, 10, 2, 10, 15, '9KAf2Dk4', 0.000011177779619284498, 11.177779619284498, 0.000012419755132538331),
(93, 10, 2, 14, 2, 11, 26, 'BxnuJmdn', 0.00001035704072750722, 10.35704072750722, 0.000011507823030563578),
(94, 15, 2, 15, 1, 15, 49, 'p1oU0ae9', 0.000009779228326777626, 9.779228326777627, 0.000010865809251975142),
(95, 23, 1, 20, 2, 23, 47, 'hru2RhO6', 0.000009234841268600103, 9.234841268600103, 0.000011543551585750129),
(96, 24, 2, 26, 3, 25, 52, 'PP9TEU4k', 0.000012026749860289472, 12.026749860289472, 0.000013363055400321636),
(97, 12, 2, 10, 4, 10, 31, '9KAf2Dk4', 0.000011177779619284498, 11.177779619284498, 0.000012419755132538331),
(98, 22, 2, 17, 1, 22, 22, 'Rlrj1DDT', 0.00001198873245965967, 11.98873245965967, 0.0000133208138440663),
(99, 19, 2, 18, 2, 17, 51, 'hYGvayM9', 0.000008847090529463168, 8.847090529463168, 0.000009830100588292408),
(100, 21, 5, 16, 1, 18, 25, '11hgKTne', 0.000013870111159150252, 13.870111159150252, 0.000011558425965958543),
(101, 16, 2, 23, 3, 16, 35, 'sLYZjnrQ', 0.000009548493138747527, 9.548493138747526, 0.000010609436820830585),
(102, 23, 1, 20, 4, 23, 27, 'hru2RhO6', 0.000009234841268600103, 9.234841268600103, 0.000011543551585750129),
(103, 13, 1, 12, 2, 13, 16, 'kZai5arS', 0.000011449302287503693, 11.449302287503693, 0.000014311627859379615),
(104, 16, 2, 23, 4, 16, 29, 'sLYZjnrQ', 0.000009548493138747527, 9.548493138747526, 0.000010609436820830585),
(105, 25, 4, 25, 3, 27, 41, 'IL07tvTl', 0.000010509842637286514, 10.509842637286514, 0.000010509842637286514),
(106, 16, 2, 23, 1, 16, 35, 'sLYZjnrQ', 0.000009548493138747527, 9.548493138747526, 0.000010609436820830585),
(107, 21, 5, 16, 4, 18, 25, '11hgKTne', 0.000013870111159150252, 13.870111159150252, 0.000011558425965958543),
(108, 17, 5, 19, 2, 19, 24, 'Kpzrf5jZ', 0.000013087938674031646, 13.087938674031646, 0.000010906615561693039),
(109, 20, 4, 22, 2, 21, 30, 'PrP2HLiS', 0.000012464922510500684, 12.464922510500685, 0.000012464922510500684),
(110, 22, 2, 17, 3, 22, 22, 'Rlrj1DDT', 0.00001198873245965967, 11.98873245965967, 0.0000133208138440663),
(111, 23, 1, 20, 3, 23, 47, 'hru2RhO6', 0.000009234841268600103, 9.234841268600103, 0.000011543551585750129),
(112, 9, 4, 8, 1, 8, 12, 'Sh8OsKQZ', 0.000010678130483483478, 10.678130483483478, 0.000010678130483483478),
(113, 15, 2, 15, 4, 15, 49, 'p1oU0ae9', 0.000009779228326777626, 9.779228326777627, 0.000010865809251975142),
(114, 8, 1, 9, 2, 9, 8, 'njPAiZq8', 0.000010416881739314243, 10.416881739314242, 0.0000130211021741428),
(115, 17, 5, 19, 1, 19, 42, 'Kpzrf5jZ', 0.000013087938674031646, 13.087938674031646, 0.000010906615561693039),
(116, 18, 4, 21, 3, 20, 33, 'JX3nUAca', 0.00001016978987974915, 10.16978987974915, 0.00001016978987974915),
(117, 13, 1, 12, 2, 13, 19, 'kZai5arS', 0.000011449302287503693, 11.449302287503693, 0.000014311627859379615),
(118, 19, 2, 18, 2, 17, 32, 'hYGvayM9', 0.000008847090529463168, 8.847090529463168, 0.000009830100588292408),
(119, 14, 2, 11, 3, 12, 20, 'j0KqRj7R', 0.000011298993990936051, 11.29899399093605, 0.000012554437767706724),
(120, 19, 2, 18, 3, 17, 51, 'hYGvayM9', 0.000008847090529463168, 8.847090529463168, 0.000009830100588292408),
(121, 13, 1, 12, 3, 13, 19, 'kZai5arS', 0.000011449302287503693, 11.449302287503693, 0.000014311627859379615),
(122, 20, 4, 22, 3, 21, 50, 'PrP2HLiS', 0.000012464922510500684, 12.464922510500685, 0.000012464922510500684),
(123, 21, 5, 16, 3, 18, 25, '11hgKTne', 0.000013870111159150252, 13.870111159150252, 0.000011558425965958543),
(124, 9, 4, 8, 4, 8, 9, 'Sh8OsKQZ', 0.000010678130483483478, 10.678130483483478, 0.000010678130483483478),
(125, 8, 1, 9, 4, 9, 21, 'njPAiZq8', 0.000010416881739314243, 10.416881739314242, 0.0000130211021741428),
(126, 16, 2, 23, 4, 16, 35, 'sLYZjnrQ', 0.000009548493138747527, 9.548493138747526, 0.000010609436820830585),
(127, 10, 2, 14, 4, 11, 26, 'BxnuJmdn', 0.00001035704072750722, 10.35704072750722, 0.000011507823030563578),
(128, 8, 1, 9, 4, 9, 40, 'njPAiZq8', 0.000010416881739314243, 10.416881739314242, 0.0000130211021741428),
(129, 10, 2, 14, 1, 11, 14, 'BxnuJmdn', 0.00001035704072750722, 10.35704072750722, 0.000011507823030563578),
(130, 18, 4, 21, 2, 20, 53, 'JX3nUAca', 0.00001016978987974915, 10.16978987974915, 0.00001016978987974915),
(131, 15, 2, 15, 2, 15, 17, 'p1oU0ae9', 0.000009779228326777626, 9.779228326777627, 0.000010865809251975142),
(132, 15, 2, 15, 4, 15, 17, 'p1oU0ae9', 0.000009779228326777626, 9.779228326777627, 0.000010865809251975142),
(133, 20, 4, 22, 3, 21, 30, 'PrP2HLiS', 0.000012464922510500684, 12.464922510500685, 0.000012464922510500684),
(134, 9, 4, 8, 1, 8, 9, 'Sh8OsKQZ', 0.000010678130483483478, 10.678130483483478, 0.000010678130483483478),
(135, 9, 4, 8, 3, 8, 9, 'Sh8OsKQZ', 0.000010678130483483478, 10.678130483483478, 0.000010678130483483478),
(136, 27, 3, 24, 3, 24, 43, '84wPR4TF', 0.000007128155030008827, 7.128155030008827, 0.000008910193787511033),
(137, 23, 1, 20, 4, 23, 47, 'hru2RhO6', 0.000009234841268600103, 9.234841268600103, 0.000011543551585750129),
(138, 20, 4, 22, 4, 21, 50, 'PrP2HLiS', 0.000012464922510500684, 12.464922510500685, 0.000012464922510500684),
(139, 8, 1, 9, 3, 9, 8, 'njPAiZq8', 0.000010416881739314243, 10.416881739314242, 0.0000130211021741428),
(140, 11, 5, 13, 2, 14, 34, 'C2JCu9Vn', 0.000011565071950418891, 11.565071950418892, 0.00000963755995868241),
(141, 8, 1, 9, 4, 9, 8, 'njPAiZq8', 0.000010416881739314243, 10.416881739314242, 0.0000130211021741428),
(142, 15, 2, 15, 3, 15, 28, 'p1oU0ae9', 0.000009779228326777626, 9.779228326777627, 0.000010865809251975142),
(143, 22, 2, 17, 1, 22, 38, 'Rlrj1DDT', 0.00001198873245965967, 11.98873245965967, 0.0000133208138440663),
(144, 13, 1, 12, 1, 13, 19, 'kZai5arS', 0.000011449302287503693, 11.449302287503693, 0.000014311627859379615),
(145, 22, 2, 17, 4, 22, 22, 'Rlrj1DDT', 0.00001198873245965967, 11.98873245965967, 0.0000133208138440663),
(146, 12, 2, 10, 3, 10, 15, '9KAf2Dk4', 0.000011177779619284498, 11.177779619284498, 0.000012419755132538331),
(147, 8, 1, 9, 3, 9, 11, 'njPAiZq8', 0.000010416881739314243, 10.416881739314242, 0.0000130211021741428),
(148, 16, 2, 23, 2, 16, 35, 'sLYZjnrQ', 0.000009548493138747527, 9.548493138747526, 0.000010609436820830585),
(149, 14, 2, 11, 4, 12, 37, 'j0KqRj7R', 0.000011298993990936051, 11.29899399093605, 0.000012554437767706724),
(150, 14, 2, 11, 2, 12, 13, 'j0KqRj7R', 0.000011298993990936051, 11.29899399093605, 0.000012554437767706724),
(151, 21, 5, 16, 2, 18, 25, '11hgKTne', 0.000013870111159150252, 13.870111159150252, 0.000011558425965958543),
(152, 9, 4, 8, 2, 8, 12, 'Sh8OsKQZ', 0.000010678130483483478, 10.678130483483478, 0.000010678130483483478),
(153, 15, 2, 15, 1, 15, 17, 'p1oU0ae9', 0.000009779228326777626, 9.779228326777627, 0.000010865809251975142),
(154, 16, 2, 23, 1, 16, 29, 'sLYZjnrQ', 0.000009548493138747527, 9.548493138747526, 0.000010609436820830585),
(155, 14, 2, 11, 4, 12, 20, 'j0KqRj7R', 0.000011298993990936051, 11.29899399093605, 0.000012554437767706724),
(156, 18, 4, 21, 3, 20, 53, 'JX3nUAca', 0.00001016978987974915, 10.16978987974915, 0.00001016978987974915),
(157, 9, 4, 8, 2, 8, 44, 'Sh8OsKQZ', 0.000010678130483483478, 10.678130483483478, 0.000010678130483483478),
(158, 14, 2, 11, 3, 12, 37, 'j0KqRj7R', 0.000011298993990936051, 11.29899399093605, 0.000012554437767706724),
(159, 15, 2, 15, 3, 15, 49, 'p1oU0ae9', 0.000009779228326777626, 9.779228326777627, 0.000010865809251975142),
(160, 17, 5, 19, 3, 19, 24, 'Kpzrf5jZ', 0.000013087938674031646, 13.087938674031646, 0.000010906615561693039),
(161, 8, 1, 9, 2, 9, 21, 'njPAiZq8', 0.000010416881739314243, 10.416881739314242, 0.0000130211021741428),
(162, 21, 5, 16, 1, 18, 45, '11hgKTne', 0.000013870111159150252, 13.870111159150252, 0.000011558425965958543),
(163, 15, 2, 15, 1, 15, 28, 'p1oU0ae9', 0.000009779228326777626, 9.779228326777627, 0.000010865809251975142),
(164, 8, 1, 9, 1, 9, 11, 'njPAiZq8', 0.000010416881739314243, 10.416881739314242, 0.0000130211021741428),
(165, 20, 4, 22, 4, 21, 30, 'PrP2HLiS', 0.000012464922510500684, 12.464922510500685, 0.000012464922510500684),
(166, 21, 5, 16, 2, 18, 45, '11hgKTne', 0.000013870111159150252, 13.870111159150252, 0.000011558425965958543),
(167, 10, 2, 14, 3, 11, 46, 'BxnuJmdn', 0.00001035704072750722, 10.35704072750722, 0.000011507823030563578),
(168, 9, 4, 8, 4, 8, 44, 'Sh8OsKQZ', 0.000010678130483483478, 10.678130483483478, 0.000010678130483483478),
(169, 12, 2, 10, 1, 10, 31, '9KAf2Dk4', 0.000011177779619284498, 11.177779619284498, 0.000012419755132538331),
(170, 8, 1, 9, 4, 9, 11, 'njPAiZq8', 0.000010416881739314243, 10.416881739314242, 0.0000130211021741428),
(171, 13, 1, 12, 3, 13, 16, 'kZai5arS', 0.000011449302287503693, 11.449302287503693, 0.000014311627859379615),
(172, 24, 2, 26, 2, 25, 52, 'PP9TEU4k', 0.000012026749860289472, 12.026749860289472, 0.000013363055400321636),
(173, 21, 5, 16, 3, 18, 45, '11hgKTne', 0.000013870111159150252, 13.870111159150252, 0.000011558425965958543),
(174, 23, 1, 20, 1, 23, 27, 'hru2RhO6', 0.000009234841268600103, 9.234841268600103, 0.000011543551585750129),
(175, 13, 1, 12, 2, 13, 36, 'kZai5arS', 0.000011449302287503693, 11.449302287503693, 0.000014311627859379615),
(176, 26, 5, 27, 3, 26, 39, 'gtIphfdT', 0.000019865972658180886, 19.865972658180887, 0.00001655497721515074),
(177, 13, 1, 12, 4, 13, 36, 'kZai5arS', 0.000011449302287503693, 11.449302287503693, 0.000014311627859379615),
(178, 9, 4, 8, 2, 8, 9, 'Sh8OsKQZ', 0.000010678130483483478, 10.678130483483478, 0.000010678130483483478),
(179, 13, 1, 12, 3, 13, 36, 'kZai5arS', 0.000011449302287503693, 11.449302287503693, 0.000014311627859379615),
(180, 10, 2, 14, 2, 11, 14, 'BxnuJmdn', 0.00001035704072750722, 10.35704072750722, 0.000011507823030563578),
(181, 25, 4, 25, 2, 27, 41, 'IL07tvTl', 0.000010509842637286514, 10.509842637286514, 0.000010509842637286514),
(182, 27, 3, 24, 2, 24, 43, '84wPR4TF', 0.000007128155030008827, 7.128155030008827, 0.000008910193787511033),
(183, 22, 2, 17, 2, 22, 38, 'Rlrj1DDT', 0.00001198873245965967, 11.98873245965967, 0.0000133208138440663),
(184, 19, 2, 18, 1, 17, 51, 'hYGvayM9', 0.000008847090529463168, 8.847090529463168, 0.000009830100588292408),
(185, 12, 2, 10, 3, 10, 31, '9KAf2Dk4', 0.000011177779619284498, 11.177779619284498, 0.000012419755132538331),
(186, 8, 1, 9, 3, 9, 40, 'njPAiZq8', 0.000010416881739314243, 10.416881739314242, 0.0000130211021741428),
(187, 15, 2, 15, 4, 15, 28, 'p1oU0ae9', 0.000009779228326777626, 9.779228326777627, 0.000010865809251975142),
(188, 9, 4, 8, 1, 8, 23, 'Sh8OsKQZ', 0.000010678130483483478, 10.678130483483478, 0.000010678130483483478),
(189, 26, 5, 27, 1, 26, 39, 'gtIphfdT', 0.000019865972658180886, 19.865972658180887, 0.00001655497721515074),
(190, 20, 4, 22, 1, 21, 30, 'PrP2HLiS', 0.000012464922510500684, 12.464922510500685, 0.000012464922510500684),
(191, 10, 2, 14, 4, 11, 14, 'BxnuJmdn', 0.00001035704072750722, 10.35704072750722, 0.000011507823030563578),
(192, 22, 2, 17, 2, 22, 22, 'Rlrj1DDT', 0.00001198873245965967, 11.98873245965967, 0.0000133208138440663),
(193, 23, 1, 20, 2, 23, 27, 'hru2RhO6', 0.000009234841268600103, 9.234841268600103, 0.000011543551585750129),
(194, 11, 5, 13, 4, 14, 10, 'C2JCu9Vn', 0.000011565071950418891, 11.565071950418892, 0.00000963755995868241),
(195, 12, 2, 10, 2, 10, 48, '9KAf2Dk4', 0.000011177779619284498, 11.177779619284498, 0.000012419755132538331),
(196, 12, 2, 10, 4, 10, 48, '9KAf2Dk4', 0.000011177779619284498, 11.177779619284498, 0.000012419755132538331),
(197, 9, 4, 8, 1, 8, 44, 'Sh8OsKQZ', 0.000010678130483483478, 10.678130483483478, 0.000010678130483483478),
(198, 9, 4, 8, 4, 8, 12, 'Sh8OsKQZ', 0.000010678130483483478, 10.678130483483478, 0.000010678130483483478),
(199, 12, 2, 10, 4, 10, 15, '9KAf2Dk4', 0.000011177779619284498, 11.177779619284498, 0.000012419755132538331),
(200, 24, 2, 26, 1, 25, 52, 'PP9TEU4k', 0.000012026749860289472, 12.026749860289472, 0.000013363055400321636),
(201, 8, 1, 9, 1, 9, 21, 'njPAiZq8', 0.000010416881739314243, 10.416881739314242, 0.0000130211021741428),
(202, 28, 1, 29, 4, 28, 54, 'o3BcDIKb', 0.000009219473330029037, 9.219473330029038, 0.000011524341662536296),
(203, 29, 1, 28, 4, 29, 55, 'pKxdYFkA', 0.000009826666913924563, 9.826666913924562, 0.000012283333642405703),
(204, 29, 1, 28, 1, 29, 55, 'pKxdYFkA', 0.000009826666913924563, 9.826666913924562, 0.000012283333642405703),
(205, 28, 1, 29, 2, 28, 54, 'o3BcDIKb', 0.000009219473330029037, 9.219473330029038, 0.000011524341662536296),
(206, 29, 1, 28, 2, 29, 55, 'pKxdYFkA', 0.000009826666913924563, 9.826666913924562, 0.000012283333642405703),
(207, 28, 1, 29, 1, 28, 54, 'o3BcDIKb', 0.000009219473330029037, 9.219473330029038, 0.000011524341662536296),
(208, 28, 1, 29, 3, 28, 54, 'o3BcDIKb', 0.000009219473330029037, 9.219473330029038, 0.000011524341662536296),
(209, 29, 1, 28, 3, 29, 55, 'pKxdYFkA', 0.000009826666913924563, 9.826666913924562, 0.000012283333642405703),
(210, 31, 2, 31, 3, 30, 57, 'kQECiqMZ', 0.000008532144837576886, 8.532144837576887, 0.000009480160930640984),
(211, 31, 2, 31, 1, 30, 57, 'kQECiqMZ', 0.000008532144837576886, 8.532144837576887, 0.000009480160930640984),
(212, 30, 1, 30, 1, 31, 56, 'zJfMXuLd', 0.000007785055880359783, 7.785055880359784, 0.000009731319850449729),
(213, 30, 1, 30, 2, 31, 56, 'zJfMXuLd', 0.000007785055880359783, 7.785055880359784, 0.000009731319850449729),
(214, 31, 2, 31, 2, 30, 57, 'kQECiqMZ', 0.000008532144837576886, 8.532144837576887, 0.000009480160930640984),
(215, 30, 1, 30, 4, 31, 56, 'zJfMXuLd', 0.000007785055880359783, 7.785055880359784, 0.000009731319850449729),
(216, 31, 2, 31, 4, 30, 57, 'kQECiqMZ', 0.000008532144837576886, 8.532144837576887, 0.000009480160930640984),
(217, 30, 1, 30, 3, 31, 56, 'zJfMXuLd', 0.000007785055880359783, 7.785055880359784, 0.000009731319850449729),
(218, 32, 4, 32, 2, 32, 58, '2LLJiRao', 0.000011682521156136834, 11.682521156136833, 0.000011682521156136834),
(219, 32, 4, 32, 1, 32, 58, '2LLJiRao', 0.000011682521156136834, 11.682521156136833, 0.000011682521156136834),
(220, 32, 4, 32, 4, 32, 58, '2LLJiRao', 0.000011682521156136834, 11.682521156136833, 0.000011682521156136834),
(221, 32, 4, 32, 3, 32, 58, '2LLJiRao', 0.000011682521156136834, 11.682521156136833, 0.000011682521156136834),
(222, 33, 2, 33, 2, 33, 59, 'hsWAwoQe', 0.000010313221862013945, 10.313221862013945, 0.000011459135402237716),
(223, 33, 2, 33, 3, 33, 59, 'hsWAwoQe', 0.000010313221862013945, 10.313221862013945, 0.000011459135402237716),
(224, 33, 2, 33, 1, 33, 59, 'hsWAwoQe', 0.000010313221862013945, 10.313221862013945, 0.000011459135402237716),
(225, 33, 2, 33, 4, 33, 59, 'hsWAwoQe', 0.000010313221862013945, 10.313221862013945, 0.000011459135402237716),
(226, 34, 3, 34, 3, 34, 60, 'IpeHPaAG', 0.00001135754196860053, 11.35754196860053, 0.000014196927460750663),
(227, 34, 3, 34, 1, 34, 60, 'IpeHPaAG', 0.00001135754196860053, 11.35754196860053, 0.000014196927460750663),
(228, 34, 3, 34, 4, 34, 60, 'IpeHPaAG', 0.00001135754196860053, 11.35754196860053, 0.000014196927460750663),
(229, 34, 3, 34, 2, 34, 60, 'IpeHPaAG', 0.00001135754196860053, 11.35754196860053, 0.000014196927460750663),
(230, 35, 5, 35, 2, 35, 61, 'TZ9fTP3v', 0.000013320803868799183, 13.320803868799183, 0.000011100669890665987),
(231, 35, 5, 35, 3, 35, 61, 'TZ9fTP3v', 0.000013320803868799183, 13.320803868799183, 0.000011100669890665987),
(232, 35, 5, 35, 4, 35, 61, 'TZ9fTP3v', 0.000013320803868799183, 13.320803868799183, 0.000011100669890665987),
(233, 35, 5, 35, 1, 35, 61, 'TZ9fTP3v', 0.000013320803868799183, 13.320803868799183, 0.000011100669890665987),
(234, 36, 4, 36, 1, 36, 62, 't8Bx7YTo', 0.000017804503257820475, 17.804503257820475, 0.000017804503257820475),
(235, 37, 1, 37, 1, 37, 63, '1zlEeUP0', 0.000007360448852301476, 7.3604488523014755, 0.000009200561065376843),
(236, 39, 1, 38, 1, 39, 65, 'fFfLmrd7', 0.000008802465400554684, 8.802465400554684, 0.000011003081750693354),
(237, 38, 1, 39, 1, 38, 64, 'XQHku7ZR', 0.000010958050350851437, 10.958050350851437, 0.000013697562938564295),
(238, 40, 4, 40, 1, 40, 66, 'NjIgcUxn', 0.000012581680747271987, 12.581680747271987, 0.000012581680747271987),
(239, 41, 5, 41, 1, 41, 67, 'T6OgrDdJ', 0.000017874057308903684, 17.874057308903684, 0.000014895047757419735),
(240, 42, 4, 42, 1, 42, 68, 'A9tV1L1d', 0.00001239942616228108, 12.399426162281081, 0.00001239942616228108),
(241, 43, 2, 43, 1, 43, 69, 'Hfp9z5oG', 0.000012135201267249816, 12.135201267249816, 0.000013483556963610907),
(242, 44, 5, 44, 1, 44, 70, '8vTsNuuA', 0.00001809452385149812, 18.09452385149812, 0.000015078769876248436),
(243, 45, 3, 45, 1, 45, 71, 'rVWBTvLE', 0.000010985045151673594, 10.985045151673594, 0.000013731306439591992),
(244, 46, 3, 46, 1, 46, 72, 'AMxaTgV8', 0.000007262278025545327, 7.262278025545327, 0.000009077847531931658),
(245, 47, 2, 47, 1, 47, 73, 'VQHqZ6mP', 0.00001274489638062533, 12.744896380625331, 0.00001416099597847259),
(246, 48, 4, 48, 1, 48, 74, 'MVRGZqWw', 0.00001336963208217774, 13.36963208217774, 0.00001336963208217774),
(247, 49, 3, 49, 1, 49, 75, 'pQvKPcz6', 0.000009532004612352055, 9.532004612352054, 0.000011915005765440068),
(248, 50, 4, 50, 1, 50, 76, 'Hy1vOBjF', 0.000015545373745839857, 15.545373745839857, 0.000015545373745839857),
(249, 51, 5, 51, 1, 51, 77, 'HBLqb1cJ', 0.000009897290544386905, 9.897290544386905, 0.000008247742120322422),
(250, 52, 2, 52, 1, 52, 78, 'RVuXIYYt', 0.000012423089393319317, 12.423089393319316, 0.000013803432659243684),
(251, 53, 4, 53, 1, 53, 79, '9mCLtidJ', 0.000014734299416750262, 14.734299416750263, 0.000014734299416750262),
(252, 54, 1, 54, 1, 54, 80, '8OwHffoo', 0.000008936151680230928, 8.936151680230928, 0.00001117018960028866);

-- --------------------------------------------------------

--
-- Table structure for table `irrigation_dimension`
--

CREATE TABLE `irrigation_dimension` (
  `irrigation_id` int(11) NOT NULL,
  `times_tamp` varchar(255) DEFAULT NULL,
  `IrrigationDuration` int(11) DEFAULT NULL,
  `Status` varchar(255) DEFAULT NULL,
  `water_requirement` double DEFAULT NULL,
  `Area` double DEFAULT NULL,
  `irrigation_efficiency` double DEFAULT NULL,
  `flow_rate` double DEFAULT NULL
) ENGINE=InnoDB DEFAULT CHARSET=utf8mb4 COLLATE=utf8mb4_general_ci;

--
-- Dumping data for table `irrigation_dimension`
--

INSERT INTO `irrigation_dimension` (`irrigation_id`, `times_tamp`, `IrrigationDuration`, `Status`, `water_requirement`, `Area`, `irrigation_efficiency`, `flow_rate`) VALUES
(1, '2024-05-02 21:12:10', 37512, '!Not Irrigated', 375120.345727619, 30886.569616921992, 84.40936860096913, 10),
(2, '2024-05-02 21:12:41', 31191, '!Not Irrigated', 311905.6137122713, 26314.56767706996, 80.8829673696763, 10),
(3, '2024-05-02 21:13:11', 23240, '!Not Irrigated', 232398.50074995848, 21746.005421817936, 86.23424174426728, 10),
(4, '2024-05-02 21:13:41', 30032, '!Not Irrigated', 300318.7527253999, 23007.783790692676, 83.57305788240195, 10),
(5, '2024-05-02 21:14:11', 8616, 'Irrigated!', 86155.7874321236, 4436.273811028024, 87.95780261832316, 10),
(6, '2024-05-02 21:14:41', 21253, '!Not Irrigated', 212527.0049494306, 26298.56077783605, 90.881873053116, 10),
(7, '2024-05-02 21:15:11', 18289, '!Not Irrigated', 182890.11615206368, 21263.4762999055, 82.89040903396621, 10),
(8, '2024-05-03 01:21:20', 33733, '!Not Irrigated', 337325.3493313163, 26929.81580728996, 83.16146624679763, 10),
(9, '2024-05-03 01:20:50', 36515, 'Irrigated!', 365150.8684971713, 32876.774259963306, 96.14176377801459, 10),
(10, '2024-05-03 01:21:50', 25433, 'Irrigated!', 254331.76407823633, 19109.156881243067, 86.89389429762133, 10),
(11, '2024-05-03 01:21:20', 33733, '!Not Irrigated', 337325.3493313163, 26929.81580728996, 83.16146624679763, 10),
(12, '2024-05-03 01:20:50', 36515, 'Irrigated!', 365150.8684971713, 32876.774259963306, 96.14176377801459, 10),
(13, '2024-05-03 01:23:34', 21606, '!Not Irrigated', 216061.70539009618, 15344.215372562692, 80.24290883809786, 10),
(14, '2024-05-03 01:24:04', 9580, '!Not Irrigated', 95803.9520437273, 8372.00187746355, 90.50687635107232, 10),
(15, '2024-05-03 01:22:21', 36282, '!Not Irrigated', 362815.13688220695, 31999.73118224362, 98.58627898085552, 10),
(16, '2024-05-03 01:23:21', 49678, '!Not Irrigated', 496776.6165761133, 39032.75373347611, 89.95950729089624, 10),
(17, '2024-05-03 01:22:51', 30024, '!Not Irrigated', 300239.09995517496, 28433.740655186386, 92.61286824166508, 10),
(18, '2024-05-03 01:21:50', 25433, 'Irrigated!', 254331.76407823633, 19109.156881243067, 86.89389429762133, 10),
(19, '2024-05-03 01:23:21', 49678, '!Not Irrigated', 496776.6165761133, 39032.75373347611, 89.95950729089624, 10),
(20, '2024-05-03 01:23:34', 21606, '!Not Irrigated', 216061.70539009618, 15344.215372562692, 80.24290883809786, 10),
(21, '2024-05-03 01:21:20', 33733, '!Not Irrigated', 337325.3493313163, 26929.81580728996, 83.16146624679763, 10),
(22, '2024-05-03 01:26:04', 45292, '!Not Irrigated', 452920.0032093818, 31478.32643859383, 83.32271290205534, 10),
(23, '2024-05-03 01:20:50', 36515, 'Irrigated!', 365150.8684971713, 32876.774259963306, 96.14176377801459, 10),
(24, '2024-05-03 01:24:34', 40277, 'Irrigated!', 402770.8733137654, 26772.116436039036, 86.99532198197271, 10),
(25, '2024-05-03 01:27:04', 51842, 'Irrigated!', 518421.95194180444, 33806.32521061519, 90.44707439515456, 10),
(26, '2024-05-03 01:24:04', 9580, '!Not Irrigated', 95803.9520437273, 8372.00187746355, 90.50687635107232, 10),
(27, '2024-05-03 01:25:34', 15156, '!Not Irrigated', 151556.11516426512, 15428.96596032866, 94.01405639609925, 10),
(28, '2024-05-03 01:22:51', 30024, '!Not Irrigated', 300239.09995517496, 28433.740655186386, 92.61286824166508, 10),
(29, '2024-05-03 01:27:34', 22953, '!Not Irrigated', 229531.96194352175, 21197.906923260307, 88.18295591546588, 10),
(30, '2024-05-03 01:26:34', 31501, 'Irrigated!', 315014.3616959421, 25099.5125782451, 99.31721133436584, 10),
(31, '2024-05-03 01:22:21', 36282, '!Not Irrigated', 362815.13688220695, 31999.73118224362, 98.58627898085552, 10),
(32, '2024-05-03 01:25:04', 37199, '!Not Irrigated', 371992.4439386547, 35474.73880256277, 84.36951631928562, 10),
(33, '2024-05-03 01:28:04', 3234, 'Irrigated!', 32342.812768720843, 2999.5878313301682, 94.3182591712685, 10),
(34, '2024-05-03 01:21:50', 25433, 'Irrigated!', 254331.76407823633, 19109.156881243067, 86.89389429762133, 10),
(35, '2024-05-03 01:27:34', 22953, '!Not Irrigated', 229531.96194352175, 21197.906923260307, 88.18295591546588, 10),
(36, '2024-05-03 01:23:21', 49678, '!Not Irrigated', 496776.6165761133, 39032.75373347611, 89.95950729089624, 10),
(37, '2024-05-03 01:23:34', 21606, '!Not Irrigated', 216061.70539009618, 15344.215372562692, 80.24290883809786, 10),
(38, '2024-05-03 01:26:04', 45292, '!Not Irrigated', 452920.0032093818, 31478.32643859383, 83.32271290205534, 10),
(39, '2024-05-03 01:30:47', 10144, 'Irrigated!', 101436.77020332703, 4632.66588396053, 90.72884872100227, 10),
(40, '2024-05-03 01:21:20', 33733, '!Not Irrigated', 337325.3493313163, 26929.81580728996, 83.16146624679763, 10),
(41, '2024-05-03 01:29:04', 32488, 'Irrigated!', 324882.39145323745, 29974.91881310115, 96.96791456808667, 10),
(42, '2024-05-03 01:24:34', 40277, 'Irrigated!', 402770.8733137654, 26772.116436039036, 86.99532198197271, 10),
(43, '2024-05-03 01:29:35', 10924, '!Not Irrigated', 109240.61872904534, 12681.640699533642, 82.75008141922062, 10),
(44, '2024-05-03 01:20:50', 36515, 'Irrigated!', 365150.8684971713, 32876.774259963306, 96.14176377801459, 10),
(45, '2024-05-03 01:27:04', 51842, 'Irrigated!', 518421.95194180444, 33806.32521061519, 90.44707439515456, 10),
(46, '2024-05-03 01:24:04', 9580, '!Not Irrigated', 95803.9520437273, 8372.00187746355, 90.50687635107232, 10),
(47, '2024-05-03 01:25:34', 15156, '!Not Irrigated', 151556.11516426512, 15428.96596032866, 94.01405639609925, 10),
(48, '2024-05-03 01:22:21', 36282, '!Not Irrigated', 362815.13688220695, 31999.73118224362, 98.58627898085552, 10),
(49, '2024-05-03 01:22:51', 30024, '!Not Irrigated', 300239.09995517496, 28433.740655186386, 92.61286824166508, 10),
(50, '2024-05-03 01:26:34', 31501, 'Irrigated!', 315014.3616959421, 25099.5125782451, 99.31721133436584, 10),
(51, '2024-05-03 01:25:04', 37199, '!Not Irrigated', 371992.4439386547, 35474.73880256277, 84.36951631928562, 10),
(52, '2024-05-03 01:28:34', 36793, '!Not Irrigated', 367931.475439613, 27349.386327092485, 89.39823041650789, 10),
(53, '2024-05-03 01:28:04', 3234, 'Irrigated!', 32342.812768720843, 2999.5878313301682, 94.3182591712685, 10),
(54, '2024-05-03 01:31:17', 13612, '!Not Irrigated', 136120.91058781583, 11864.629715367764, 80.35917241453879, 10),
(55, '2024-05-03 01:31:47', 22426, '!Not Irrigated', 224259.0857967516, 19565.22959914227, 85.73164100895205, 10),
(56, '2024-05-03 01:32:47', 19890, '!Not Irrigated', 198901.89967103922, 25056.83624906849, 98.0729046362273, 10),
(57, '2024-05-03 01:32:17', 37858, '!Not Irrigated', 378579.1832820519, 36137.61770634715, 81.4443587950322, 10),
(58, '2024-05-03 01:33:17', 11623, 'Irrigated!', 116226.27270804103, 9590.998481425768, 96.40422948879515, 10),
(59, '2024-05-03 01:33:47', 39602, '!Not Irrigated', 396017.02054735884, 31052.18086401456, 80.8672390159726, 10),
(60, '2024-05-03 01:34:17', 52210, '!Not Irrigated', 522096.86683506, 36992.10108364597, 80.47153071633966, 10),
(61, '2024-05-03 01:34:47', 4716, 'Irrigated!', 47158.706240567575, 2998.8429362700767, 84.70757951587682, 10),
(62, '2024-05-03 01:35:17', 3202, 'Irrigated!', 32023.46864229629, 1751.8554495176766, 97.40017986987007, 10),
(63, '2024-05-03 01:35:47', 26510, '!Not Irrigated', 265102.14662791055, 28897.55497595179, 80.232837818398, 10),
(64, '2024-05-03 01:36:17', 15226, '!Not Irrigated', 152262.55197314825, 11822.229113943642, 85.08236609139607, 10),
(65, '2024-05-03 01:36:47', 22498, '!Not Irrigated', 224982.68520430775, 21083.025831550523, 82.48750576191931, 10),
(66, '2024-05-03 01:37:17', 2505, 'Irrigated!', 25054.24334597996, 1944.2710651035875, 97.63694512537275, 10),
(67, '2024-05-03 01:37:47', 25024, 'Irrigated!', 250237.2605022182, 11728.861148833088, 83.77742624006953, 10),
(68, '2024-05-03 01:38:17', 7554, 'Irrigated!', 75539.71782208749, 5779.310320761224, 94.86417696179781, 10),
(69, '2024-05-03 01:38:48', 10621, '!Not Irrigated', 106205.99832756125, 7979.086877917531, 91.16982723872542, 10),
(70, '2024-05-03 01:39:18', 76513, 'Irrigated!', 765128.4424070474, 34931.09006260571, 82.60854090173689, 10),
(71, '2024-05-03 01:39:48', 20629, '!Not Irrigated', 206287.43518972903, 18443.344738759264, 98.21294957534067, 10),
(72, '2024-05-03 01:40:18', 7285, '!Not Irrigated', 72845.65427427982, 10019.171873586225, 99.88517840438656, 10),
(73, '2024-05-03 01:40:48', 22744, '!Not Irrigated', 227440.10577535414, 14631.55871752534, 81.98980523078126, 10),
(74, '2024-05-03 01:41:18', 51740, 'Irrigated!', 517404.79594769166, 36589.19783806992, 94.54572456774508, 10),
(75, '2024-05-03 01:41:48', 17865, '!Not Irrigated', 178654.4707443099, 17821.10253017263, 95.08344840579072, 10),
(76, '2024-05-03 01:42:18', 21283, 'Irrigated!', 212827.68041004438, 12565.623928314646, 91.78191480496004, 10),
(77, '2024-05-03 01:42:48', 18873, 'Irrigated!', 188728.98681703312, 16186.957982804051, 84.88734501653971, 10),
(78, '2024-05-03 01:43:18', 50155, '!Not Irrigated', 501554.81830621266, 39676.00358070479, 98.27411107669293, 10),
(79, '2024-05-03 01:43:48', 30200, 'Irrigated!', 301997.66205621493, 16422.605459581348, 80.12498653038809, 10),
(80, '2024-05-03 01:44:18', 11978, '!Not Irrigated', 119782.97740433484, 13133.756407923713, 97.9815679453664, 10);

-- --------------------------------------------------------

--
-- Table structure for table `location_dimension`
--

CREATE TABLE `location_dimension` (
  `location_id` int(11) NOT NULL,
  `latitude` double DEFAULT NULL,
  `altitude` double DEFAULT NULL
) ENGINE=InnoDB DEFAULT CHARSET=utf8mb4 COLLATE=utf8mb4_general_ci;

--
-- Dumping data for table `location_dimension`
--

INSERT INTO `location_dimension` (`location_id`, `latitude`, `altitude`) VALUES
(1, 28.92282676102287, 23),
(2, 25.60470218785227, 23),
(3, 29.039726552949983, 23),
(4, 30.22053963507613, 23),
(5, 29.668524218226267, 23),
(6, 30.76225887855307, 23),
(7, 29.711901816314512, 23),
(8, 29.08300753201079, 23),
(9, 25.672393343184318, 23),
(10, 26.215774255460804, 23),
(11, 28.336616268064763, 23),
(12, 24.65484218816956, 23),
(13, 25.83610210517659, 23),
(14, 29.36540551154867, 23),
(15, 26.668964639194073, 23),
(16, 24.929041372036032, 23),
(17, 25.281536042845516, 23),
(18, 26.500949252315266, 23),
(19, 26.28942272177545, 23),
(20, 27.576481766602924, 23),
(21, 30.473245044726177, 23),
(22, 28.14920226310917, 23),
(23, 29.130417927566285, 23),
(24, 22.501058861805788, 23),
(25, 22.607180354623885, 23),
(26, 26.006374565955127, 23),
(27, 29.149878617185408, 23),
(28, 29.546676932582447, 23),
(29, 30.66015135291907, 23),
(30, 28.674892580934632, 23),
(31, 24.13557933489681, 23),
(32, 24.64152617897564, 23),
(33, 27.527041521344064, 23),
(34, 25.54480999702364, 23),
(35, 28.44428529906717, 23),
(36, 28.860533569021875, 23),
(37, 27.66275586928709, 23),
(38, 26.093273144026565, 23),
(39, 29.463696206943016, 23),
(40, 22.633907472237503, 23),
(41, 28.140082909952948, 23),
(42, 23.788833632044014, 23),
(43, 23.128098130891345, 23),
(44, 23.723385119949185, 23),
(45, 29.710376754128422, 23),
(46, 30.426710953740184, 23),
(47, 26.384822821244633, 23),
(48, 25.234136704489156, 23),
(49, 23.044083283729783, 23),
(50, 23.282716020599683, 23),
(51, 24.338263117130357, 23),
(52, 26.422067211711358, 23),
(53, 25.498626351921345, 23),
(54, 29.567054394394432, 23);

-- --------------------------------------------------------

--
-- Table structure for table `sensor_dimension`
--

CREATE TABLE `sensor_dimension` (
  `sensor_id` varchar(255) NOT NULL
) ENGINE=InnoDB DEFAULT CHARSET=utf8mb4 COLLATE=utf8mb4_general_ci;

--
-- Dumping data for table `sensor_dimension`
--

INSERT INTO `sensor_dimension` (`sensor_id`) VALUES
('11hgKTne'),
('1zlEeUP0'),
('2LLJiRao'),
('84wPR4TF'),
('8OwHffoo'),
('8vTsNuuA'),
('9KAf2Dk4'),
('9mCLtidJ'),
('A7mjoZ0R'),
('A9tV1L1d'),
('AMxaTgV8'),
('BxnuJmdn'),
('C2JCu9Vn'),
('DxoPEFGb'),
('eRY40NSz'),
('fFfLmrd7'),
('FOJgQbJX'),
('gtIphfdT'),
('HBLqb1cJ'),
('Hfp9z5oG'),
('hru2RhO6'),
('hsWAwoQe'),
('Hy1vOBjF'),
('hYGvayM9'),
('IL07tvTl'),
('IpeHPaAG'),
('j0KqRj7R'),
('JX3nUAca'),
('Kpzrf5jZ'),
('kQECiqMZ'),
('kZai5arS'),
('MVRGZqWw'),
('NjIgcUxn'),
('njPAiZq8'),
('nkRMZFVH'),
('o3BcDIKb'),
('p1oU0ae9'),
('pKxdYFkA'),
('PP9TEU4k'),
('pQvKPcz6'),
('PrP2HLiS'),
('Rlrj1DDT'),
('RVuXIYYt'),
('rVWBTvLE'),
('sCSIOrXG'),
('Sh8OsKQZ'),
('sLYZjnrQ'),
('SyOxYeMk'),
('T6OgrDdJ'),
('t8Bx7YTo'),
('TZ9fTP3v'),
('VQHqZ6mP'),
('XQHku7ZR'),
('zJfMXuLd');

-- --------------------------------------------------------

--
-- Table structure for table `time_dimension`
--

CREATE TABLE `time_dimension` (
  `time_id` int(11) NOT NULL,
  `times_tamp` varchar(255) DEFAULT NULL,
  `start_date` varchar(255) DEFAULT NULL,
  `end_date` varchar(255) DEFAULT NULL
) ENGINE=InnoDB DEFAULT CHARSET=utf8mb4 COLLATE=utf8mb4_general_ci;

--
-- Dumping data for table `time_dimension`
--

INSERT INTO `time_dimension` (`time_id`, `times_tamp`, `start_date`, `end_date`) VALUES
(1, '2024-05-02 21:12:10', '2024-05-02', 'LSA SHWIA'),
(2, '2024-05-02 21:12:41', '2024-05-02', 'LSA SHWIA'),
(3, '2024-05-02 21:13:11', '2024-05-02', 'LSA SHWIA'),
(4, '2024-05-02 21:13:41', '2024-05-02', 'LSA SHWIA'),
(5, '2024-05-02 21:14:41', '2024-05-02', 'LSA SHWIA'),
(6, '2024-05-02 21:14:11', '2024-05-02', 'LSA SHWIA'),
(7, '2024-05-02 21:15:11', '2024-05-02', 'LSA SHWIA'),
(8, '2024-05-03 01:21:20', '2024-05-03', 'LSA SHWIA'),
(9, '2024-05-03 01:20:50', '2024-05-03', 'LSA SHWIA'),
(10, '2024-05-03 01:24:04', '2024-05-03', 'LSA SHWIA'),
(11, '2024-05-03 01:21:50', '2024-05-03', 'LSA SHWIA'),
(12, '2024-05-03 01:22:21', '2024-05-03', 'LSA SHWIA'),
(13, '2024-05-03 01:23:21', '2024-05-03', 'LSA SHWIA'),
(14, '2024-05-03 01:23:34', '2024-05-03', 'LSA SHWIA'),
(15, '2024-05-03 01:22:51', '2024-05-03', 'LSA SHWIA'),
(16, '2024-05-03 01:27:34', '2024-05-03', 'LSA SHWIA'),
(17, '2024-05-03 01:24:34', '2024-05-03', 'LSA SHWIA'),
(18, '2024-05-03 01:28:04', '2024-05-03', 'LSA SHWIA'),
(19, '2024-05-03 01:25:04', '2024-05-03', 'LSA SHWIA'),
(20, '2024-05-03 01:26:34', '2024-05-03', 'LSA SHWIA'),
(21, '2024-05-03 01:27:04', '2024-05-03', 'LSA SHWIA'),
(22, '2024-05-03 01:26:04', '2024-05-03', 'LSA SHWIA'),
(23, '2024-05-03 01:25:34', '2024-05-03', 'LSA SHWIA'),
(24, '2024-05-03 01:28:34', '2024-05-03', 'LSA SHWIA'),
(25, '2024-05-03 01:29:04', '2024-05-03', 'LSA SHWIA'),
(26, '2024-05-03 01:30:47', '2024-05-03', 'LSA SHWIA'),
(27, '2024-05-03 01:29:35', '2024-05-03', 'LSA SHWIA'),
(28, '2024-05-03 01:31:17', '2024-05-03', 'LSA SHWIA'),
(29, '2024-05-03 01:31:47', '2024-05-03', 'LSA SHWIA'),
(30, '2024-05-03 01:32:47', '2024-05-03', 'LSA SHWIA'),
(31, '2024-05-03 01:32:17', '2024-05-03', 'LSA SHWIA'),
(32, '2024-05-03 01:33:17', '2024-05-03', 'LSA SHWIA'),
(33, '2024-05-03 01:33:47', '2024-05-03', 'LSA SHWIA'),
(34, '2024-05-03 01:34:17', '2024-05-03', 'LSA SHWIA'),
(35, '2024-05-03 01:34:47', '2024-05-03', 'LSA SHWIA'),
(36, '2024-05-03 01:35:17', '2024-05-03', 'LSA SHWIA'),
(37, '2024-05-03 01:35:47', '2024-05-03', 'LSA SHWIA'),
(38, '2024-05-03 01:36:17', '2024-05-03', 'LSA SHWIA'),
(39, '2024-05-03 01:36:47', '2024-05-03', 'LSA SHWIA'),
(40, '2024-05-03 01:37:17', '2024-05-03', 'LSA SHWIA'),
(41, '2024-05-03 01:37:47', '2024-05-03', 'LSA SHWIA'),
(42, '2024-05-03 01:38:17', '2024-05-03', 'LSA SHWIA'),
(43, '2024-05-03 01:38:48', '2024-05-03', 'LSA SHWIA'),
(44, '2024-05-03 01:39:18', '2024-05-03', 'LSA SHWIA'),
(45, '2024-05-03 01:39:48', '2024-05-03', 'LSA SHWIA'),
(46, '2024-05-03 01:40:18', '2024-05-03', 'LSA SHWIA'),
(47, '2024-05-03 01:40:48', '2024-05-03', 'LSA SHWIA'),
(48, '2024-05-03 01:41:18', '2024-05-03', 'LSA SHWIA'),
(49, '2024-05-03 01:41:48', '2024-05-03', 'LSA SHWIA'),
(50, '2024-05-03 01:42:18', '2024-05-03', 'LSA SHWIA'),
(51, '2024-05-03 01:42:48', '2024-05-03', 'LSA SHWIA'),
(52, '2024-05-03 01:43:18', '2024-05-03', 'LSA SHWIA'),
(53, '2024-05-03 01:43:48', '2024-05-03', 'LSA SHWIA'),
(54, '2024-05-03 01:44:18', '2024-05-03', 'LSA SHWIA');

-- --------------------------------------------------------

--
-- Table structure for table `weather_dimension`
--

CREATE TABLE `weather_dimension` (
  `weather_id` int(11) NOT NULL,
  `times_tamp` varchar(255) DEFAULT NULL,
  `Tmax` double DEFAULT NULL,
  `Tmin` double DEFAULT NULL,
  `Rs` double DEFAULT NULL,
  `u2` double DEFAULT NULL,
  `RH_max` double DEFAULT NULL,
  `RH_min` double DEFAULT NULL,
  `P` double DEFAULT NULL,
  `G` double DEFAULT NULL
) ENGINE=InnoDB DEFAULT CHARSET=utf8mb4 COLLATE=utf8mb4_general_ci;

--
-- Dumping data for table `weather_dimension`
--

INSERT INTO `weather_dimension` (`weather_id`, `times_tamp`, `Tmax`, `Tmin`, `Rs`, `u2`, `RH_max`, `RH_min`, `P`, `G`) VALUES
(1, '2024-05-02 21:12:41', 33.61003415095209, 20.114787064024853, 17.33130549732578, 2.4466420907451636, 49.2137586355373, 18.265039443523957, 101.3, 0.1),
(2, '2024-05-02 21:12:10', 31.385618821484307, 23.950695630347504, 21.14331863824009, 4.309762717761653, 65.19669280768656, 14.26312538517916, 101.3, 0.1),
(3, '2024-05-02 21:13:41', 29.67600092925787, 21.20597306234187, 24.15960057133688, 4.284151639630381, 58.762527781183685, 12.386191562981905, 101.3, 0.1),
(4, '2024-05-02 21:13:11', 32.201299924355766, 20.130056647037247, 19.619258377855203, 4.679003921745137, 62.22284823964273, 28.299950372169068, 101.3, 0.1),
(5, '2024-05-02 21:14:41', 29.491813257593996, 17.08860732480536, 15.958621788646301, 2.8232457532924173, 46.98493271875411, 20.83832876881891, 101.3, 0.1),
(6, '2024-05-02 21:14:11', 33.63429764247188, 20.20910554925827, 17.76163281350839, 4.983578227275971, 30.672207894744584, 10.412045091788546, 101.3, 0.1),
(7, '2024-05-02 21:15:11', 31.841387721873343, 23.85604978703772, 20.55183958285788, 2.147466201901583, 67.61471458220123, 16.812132932805607, 101.3, 0.1),
(8, '2024-05-03 01:20:50', 31.92439458692138, 18.159831977592084, 26.375732221632614, 2.823758810550419, 41.42456733845923, 19.416188892151766, 101.3, 0.1),
(9, '2024-05-03 01:21:20', 30.763892856639956, 24.21578025261884, 24.11905714084241, 3.8292334410903726, 32.51730739237076, 26.484083847355414, 101.3, 0.1),
(10, '2024-05-03 01:22:21', 26.306075489524535, 19.763280267498672, 20.734574112519994, 5.947326170666596, 42.90631652123331, 15.497672858612336, 101.3, 0.1),
(11, '2024-05-03 01:24:04', 27.81095784601069, 20.7801488866437, 20.596701530198793, 3.3592932899656294, 34.44817174795456, 11.474462083131254, 101.3, 0.1),
(12, '2024-05-03 01:23:34', 31.950941387060652, 16.430765097841, 23.829043348266875, 3.722964238686831, 43.03012084998316, 12.95071906097007, 101.3, 0.1),
(13, '2024-05-03 01:23:21', 33.789826806846165, 15.451631953900492, 21.70834149226711, 5.172049058166959, 66.03414743242163, 12.061143978457888, 101.3, 0.1),
(14, '2024-05-03 01:21:50', 30.21050163672879, 19.61656425674535, 28.48064120950181, 3.7237355279319875, 68.44673875167084, 24.504189376736623, 101.3, 0.1),
(15, '2024-05-03 01:22:51', 34.12083480440923, 20.100226047224886, 26.281327095126787, 2.707085009163503, 46.51735095420953, 24.971475524229092, 101.3, 0.1),
(16, '2024-05-03 01:27:34', 31.812799578621664, 19.052002987853374, 23.933141945497944, 3.0364053722828968, 35.73319724998282, 27.59365230127615, 101.3, 0.1),
(17, '2024-05-03 01:25:04', 26.430158244727224, 16.21317873557839, 19.15719247489632, 3.9658846492158735, 57.2288407490434, 10.253173275303686, 101.3, 0.1),
(18, '2024-05-03 01:27:04', 30.083323814910443, 22.459352026927355, 26.232424116047344, 4.822200125667816, 68.81697333951482, 19.658706012426734, 101.3, 0.1),
(19, '2024-05-03 01:24:34', 28.288118330856996, 20.187279299076458, 29.914747566274905, 5.168795188615237, 52.85188944201902, 27.408027474716192, 101.3, 0.1),
(20, '2024-05-03 01:28:04', 31.88973179829395, 23.541800539166566, 17.67217581145393, 2.4182073559784993, 65.95523219654393, 10.713145335131959, 101.3, 0.1),
(21, '2024-05-03 01:26:34', 33.48072842289558, 22.62143622534632, 20.26261343841884, 2.847481441119139, 37.49643246577748, 19.326209034034108, 101.3, 0.1),
(22, '2024-05-03 01:26:04', 32.58819278635167, 24.718663801446482, 16.239008301041757, 4.837904484556, 54.83797226312369, 27.71148541610579, 101.3, 0.1),
(23, '2024-05-03 01:25:34', 25.62923656517593, 19.710009279420003, 26.968802594492054, 5.879705412049571, 44.58078814093471, 19.596036635880566, 101.3, 0.1),
(24, '2024-05-03 01:29:35', 33.72229925108833, 16.104804021810203, 19.178391804201837, 2.42481783968452, 64.96553576183447, 24.739837704428048, 101.3, 0.1),
(25, '2024-05-03 01:28:34', 33.13091614363169, 21.89680392646543, 17.61052947398522, 4.190191611713322, 37.564872350232015, 28.263065160381057, 101.3, 0.1),
(26, '2024-05-03 01:30:47', 34.99928847957429, 24.970200778739876, 24.491496943982423, 5.344938772110492, 57.586427790740736, 17.300244886943645, 101.3, 0.1),
(27, '2024-05-03 01:29:04', 28.110414700449848, 20.079360669903856, 22.4577462001134, 5.365231977796558, 60.80864735396181, 26.649168483301096, 101.3, 0.1),
(28, '2024-05-03 01:31:17', 30.30860115195449, 19.55386942633394, 29.517620097372507, 4.653216154100496, 69.79365895309672, 15.82605359975507, 101.3, 0.1),
(29, '2024-05-03 01:31:47', 28.544376244047953, 19.526192339832576, 15.933819449460158, 5.017686253087573, 36.02444317275973, 23.164486316211505, 101.3, 0.1),
(30, '2024-05-03 01:32:17', 31.344013346294567, 18.54682657172783, 29.35451703376249, 2.201626171927507, 30.600021634362022, 20.907278204555613, 101.3, 0.1),
(31, '2024-05-03 01:32:47', 27.580854624032543, 17.252883299275933, 15.577737766620645, 3.6733147968343323, 53.136666235880185, 16.857062341544612, 101.3, 0.1),
(32, '2024-05-03 01:33:17', 30.462762026634408, 20.290979072721214, 27.8529593268918, 4.348174639564561, 59.00317411448996, 19.054018359449756, 101.3, 0.1),
(33, '2024-05-03 01:33:47', 33.021688739990374, 15.323955838292239, 25.41278955793623, 3.0779708548980835, 56.918644319973204, 11.715049928823882, 101.3, 0.1),
(34, '2024-05-03 01:34:17', 34.62285999221462, 19.48791367829841, 26.05403293789471, 3.9001184750015763, 55.23781699372758, 12.980709039454197, 101.3, 0.1),
(35, '2024-05-03 01:34:47', 26.823409302776078, 17.81100877686377, 23.173822940924417, 5.454605273975728, 44.839395571982664, 21.923600937621007, 101.3, 0.1),
(36, '2024-05-03 01:35:17', 33.41053257815591, 22.556356902077244, 18.01380447801621, 5.843421530355002, 31.416292650833057, 15.703455823097283, 101.3, 0.1),
(37, '2024-05-03 01:35:47', 26.596344571602152, 23.52554602812272, 18.279606828336906, 2.2884293381383403, 41.635261945862275, 11.569677103685835, 101.3, 0.1),
(38, '2024-05-03 01:36:17', 30.554020855296507, 24.930316406611418, 24.121942689581598, 5.427288773691755, 64.68920035474935, 14.5186344677428, 101.3, 0.1),
(39, '2024-05-03 01:36:47', 32.42507181547994, 19.061044777582214, 19.504122018624436, 3.2305754166093745, 59.81977893740215, 18.30854413436444, 101.3, 0.1),
(40, '2024-05-03 01:37:17', 34.38289609678136, 16.991967349654697, 29.04233474241424, 3.9513420410983118, 43.020380870918316, 26.23173805594551, 101.3, 0.1),
(41, '2024-05-03 01:37:47', 33.888171959779434, 19.268831796132375, 23.156367412586, 5.143816450024745, 51.766472612208304, 17.39300382578245, 101.3, 0.1),
(42, '2024-05-03 01:38:17', 32.5950728902646, 21.445237139016978, 26.799497483948823, 3.2709052258985754, 41.03203477733733, 19.75463766462576, 101.3, 0.1),
(43, '2024-05-03 01:38:48', 33.025434092927, 17.28966256423262, 20.90448246478755, 5.293178455870338, 53.582904558574754, 21.627113001414457, 101.3, 0.1),
(44, '2024-05-03 01:39:18', 33.01025994294503, 23.461341953905766, 20.30708386497694, 5.320251207128601, 68.21962933186538, 10.355752644096123, 101.3, 0.1),
(45, '2024-05-03 01:39:48', 34.29215783637074, 23.333294012288775, 17.89290785377846, 3.6211357974615166, 64.30844122967918, 11.731797789408711, 101.3, 0.1),
(46, '2024-05-03 01:40:18', 25.27720934335654, 22.166485987084762, 25.519362796603644, 2.7277649000226796, 44.08984074418339, 14.024511961918467, 101.3, 0.1),
(47, '2024-05-03 01:40:48', 34.79458533611874, 15.817239901736658, 21.338980040553174, 3.707850181021929, 31.168733785108977, 15.710502506189464, 101.3, 0.1),
(48, '2024-05-03 01:41:18', 31.893923297151282, 17.634515902706905, 24.4979432574885, 5.443834887953459, 33.56874336597383, 27.707218683951915, 101.3, 0.1),
(49, '2024-05-03 01:41:48', 27.29854425021486, 19.300669672226004, 24.90906128381785, 5.233409977732476, 34.726470373257705, 23.60795235414606, 101.3, 0.1),
(50, '2024-05-03 01:42:18', 32.26439965332883, 23.23560508556974, 20.410977208007715, 5.2059881073384835, 30.53101290395736, 24.429234534889375, 101.3, 0.1),
(51, '2024-05-03 01:42:48', 25.92179156102137, 19.259309562618597, 20.057039467440894, 3.63719566571024, 63.20211882156861, 23.62195917459881, 101.3, 0.1),
(52, '2024-05-03 01:43:18', 34.72818021382319, 22.337454957093478, 29.322235489174957, 3.196793097021039, 40.569466446997986, 17.369656511328674, 101.3, 0.1),
(53, '2024-05-03 01:43:48', 29.813183847876704, 21.772051470827222, 18.957518905467857, 5.744228950196097, 43.18068521430558, 13.540100691365183, 101.3, 0.1),
(54, '2024-05-03 01:44:18', 34.816438792529006, 17.594230015533242, 15.816308950167132, 2.5793984537870744, 65.28940278303106, 12.342486157854225, 101.3, 0.1);

--
-- Indexes for dumped tables
--

--
-- Indexes for table `crop_dimension`
--
ALTER TABLE `crop_dimension`
  ADD PRIMARY KEY (`crop_id`);

--
-- Indexes for table `cycle_dimension`
--
ALTER TABLE `cycle_dimension`
  ADD PRIMARY KEY (`cycle_id`);

--
-- Indexes for table `fact_table`
--
ALTER TABLE `fact_table`
  ADD PRIMARY KEY (`fact_id`),
  ADD KEY `time_id` (`time_id`),
  ADD KEY `crop_id` (`crop_id`),
  ADD KEY `location_id` (`location_id`),
  ADD KEY `cycle_id` (`cycle_id`),
  ADD KEY `weather_id` (`weather_id`),
  ADD KEY `irrigation_id` (`irrigation_id`),
  ADD KEY `sensor_id` (`sensor_id`);

--
-- Indexes for table `irrigation_dimension`
--
ALTER TABLE `irrigation_dimension`
  ADD PRIMARY KEY (`irrigation_id`);

--
-- Indexes for table `location_dimension`
--
ALTER TABLE `location_dimension`
  ADD PRIMARY KEY (`location_id`);

--
-- Indexes for table `sensor_dimension`
--
ALTER TABLE `sensor_dimension`
  ADD PRIMARY KEY (`sensor_id`);

--
-- Indexes for table `time_dimension`
--
ALTER TABLE `time_dimension`
  ADD PRIMARY KEY (`time_id`);

--
-- Indexes for table `weather_dimension`
--
ALTER TABLE `weather_dimension`
  ADD PRIMARY KEY (`weather_id`);

--
-- AUTO_INCREMENT for dumped tables
--

--
-- AUTO_INCREMENT for table `crop_dimension`
--
ALTER TABLE `crop_dimension`
  MODIFY `crop_id` int(11) NOT NULL AUTO_INCREMENT, AUTO_INCREMENT=6;

--
-- AUTO_INCREMENT for table `cycle_dimension`
--
ALTER TABLE `cycle_dimension`
  MODIFY `cycle_id` int(11) NOT NULL AUTO_INCREMENT, AUTO_INCREMENT=5;

--
-- AUTO_INCREMENT for table `fact_table`
--
ALTER TABLE `fact_table`
  MODIFY `fact_id` int(11) NOT NULL AUTO_INCREMENT, AUTO_INCREMENT=253;

--
-- AUTO_INCREMENT for table `irrigation_dimension`
--
ALTER TABLE `irrigation_dimension`
  MODIFY `irrigation_id` int(11) NOT NULL AUTO_INCREMENT, AUTO_INCREMENT=81;

--
-- AUTO_INCREMENT for table `location_dimension`
--
ALTER TABLE `location_dimension`
  MODIFY `location_id` int(11) NOT NULL AUTO_INCREMENT, AUTO_INCREMENT=55;

--
-- AUTO_INCREMENT for table `time_dimension`
--
ALTER TABLE `time_dimension`
  MODIFY `time_id` int(11) NOT NULL AUTO_INCREMENT, AUTO_INCREMENT=55;

--
-- AUTO_INCREMENT for table `weather_dimension`
--
ALTER TABLE `weather_dimension`
  MODIFY `weather_id` int(11) NOT NULL AUTO_INCREMENT, AUTO_INCREMENT=55;

--
-- Constraints for dumped tables
--

--
-- Constraints for table `fact_table`
--
ALTER TABLE `fact_table`
  ADD CONSTRAINT `fact_table_ibfk_1` FOREIGN KEY (`time_id`) REFERENCES `time_dimension` (`time_id`),
  ADD CONSTRAINT `fact_table_ibfk_2` FOREIGN KEY (`crop_id`) REFERENCES `crop_dimension` (`crop_id`),
  ADD CONSTRAINT `fact_table_ibfk_3` FOREIGN KEY (`location_id`) REFERENCES `location_dimension` (`location_id`),
  ADD CONSTRAINT `fact_table_ibfk_4` FOREIGN KEY (`cycle_id`) REFERENCES `cycle_dimension` (`cycle_id`),
  ADD CONSTRAINT `fact_table_ibfk_5` FOREIGN KEY (`weather_id`) REFERENCES `weather_dimension` (`weather_id`),
  ADD CONSTRAINT `fact_table_ibfk_6` FOREIGN KEY (`irrigation_id`) REFERENCES `irrigation_dimension` (`irrigation_id`),
  ADD CONSTRAINT `fact_table_ibfk_7` FOREIGN KEY (`sensor_id`) REFERENCES `sensor_dimension` (`sensor_id`);
COMMIT;

/*!40101 SET CHARACTER_SET_CLIENT=@OLD_CHARACTER_SET_CLIENT */;
/*!40101 SET CHARACTER_SET_RESULTS=@OLD_CHARACTER_SET_RESULTS */;
/*!40101 SET COLLATION_CONNECTION=@OLD_COLLATION_CONNECTION */;
